{
  "continent": [
    {
      "continent": "asia",
      "country": [
        {
          "name": "Armenia",
          "countryImage": "armenia"
        },
        {
          "name": "Japan",
          "countryImage": "japan"
        },
        {
          "name": "singapore",
          "countryImage": "singapore"
        },
        {
          "name": "korea",
          "countryImage": "korea"
        },
        {
          "name": "India",
          "countryImage": "india"
        },
        {
          "name": "Afghanistan",
          "countryImage": "afghanistan"
        },
        {
          "name": "Hong Kong SAR",
          "countryImage": "hong_kong"
        },
        {
          "name": "Macao SAR",
          "countryImage": "aomen"
        },
        {
          "name": "North_Korea",
          "countryImage": "north_korea"
        },
        {
          "name": "Philippines",
          "countryImage": "philippines"
        },
        {
          "name": "Vietnam",
          "countryImage": "vietnam"
        },
        {
          "name": "Thailand",
          "countryImage": "thailand"
        },
        {
          "name": "Malaysia",
          "countryImage": "malaysia"
        },
        {
          "name": "Indonesia",
          "countryImage": "indonesia"
        },
        {
          "name": "Iran",
          "countryImage": "iran"
        },
        {
          "name": "Israel",
          "countryImage": "israel"
        },
        {
          "name": "Saudi_Arabia",
          "countryImage": "saudi_arabia"
        },
        {
          "name": "Qatar",
          "countryImage": "qatar"
        },
        {
          "name": "Kuwait",
          "countryImage": "kuwait"
        },
        {
          "name": "The United Arab Emirates",
          "countryImage": "united_arab_emirates"
        },
        {
          "name": "Turkey",
          "countryImage": "turkey"
        },
        {
          "name": "Cyprus",
          "countryImage": "cyprus"
        },
        {
          "name": "Georgia",
          "countryImage": "georgia"
        },
        {
          "name": "Azerbaijan",
          "countryImage": "azerbaijan"
        },
        {
          "name": "Kazakhstan",
          "countryImage": "kazakhstan"
        },
        {
          "name": "Bhutan",
          "countryImage": "bhutan"
        },
        {
          "name": "Pakistan",
          "countryImage": "pakistan"
        },
        {
          "name": "Sri Lanka",
          "countryImage": "sri_lanka"
        },
        {
          "name": "Burma",
          "countryImage": "burma"
        },
        {
          "name": "Lebanon",
          "countryImage": "lebanon"
        },
        {
          "name": "Jordan",
          "countryImage": "jordan"
        },
        {
          "name": "Syrian Arab Republic",
          "countryImage": "syrian_arab_republic"
        },
        {
          "name": "Iraq",
          "countryImage": "iraq"
        },
        {
          "name": "Yemen",
          "countryImage": "yemen"
        },
        {
          "name": "Oman",
          "countryImage": "oman"
        },
        {
          "name": "the State of Palestine",
          "countryImage": "palestine"
        },
        {
          "name": "Bahrain",
          "countryImage": "bahrain"
        },
        {
          "name": "Mongolia",
          "countryImage": "mongolia"
        },
        {
          "name": "Nepal",
          "countryImage": "nepal"
        },
        {
          "name": "Uzbekistan",
          "countryImage": "uzbekistan"
        },
        {
          "name": "Tajikistan",
          "countryImage": "tajikistan"
        },
        {
          "name": "Kyrgyzstan",
          "countryImage": "kyrgyzstan"
        },
        {
          "name": "Turkmenistan",
          "countryImage": "turkmenistan"
        },
        {
          "name": "Cambodia",
          "countryImage": "cambodia"
        },
        {
          "name": "Laos",
          "countryImage": "laos"
        },
        {
          "name": "Taiwan",
          "countryImage": "taiwan__"
        },
        {
          "name": "Bangladesh",
          "countryImage": "bangladesh"
        },
        {
          "name": "Maldives",
          "countryImage": "maldives"
        },
        {
          "name": "Timor-Leste",
          "countryImage": "timor_leste"
        },
        {
          "name": "Brunei Darussalam",
          "countryImage": "brunei_darussalam"
        }

      ]
    },
    {
      "continent": "africa",
      "country": [
        {
          "name": "Egypt",
          "countryImage": "egypt"
        },
        {
          "name": "Algeria",
          "countryImage": "algeria"
        },
        {
          "name": "Morocco",
          "countryImage": "morocco"
        },
        {
          "name": "Tunisia",
          "countryImage": "tunisia"
        },
        {
          "name": "Libya",
          "countryImage": "libya"
        },
        {
          "name": "Gambia",
          "countryImage": "gambia"
        },
        {
          "name": "Senegal",
          "countryImage": "senegal"
        },
        {
          "name": "Mauritania",
          "countryImage": "mauritania"
        },
        {
          "name": "Mali",
          "countryImage": "mali"
        },
        {
          "name": "Guinea",
          "countryImage": "guinea"
        },
        {
          "name": "Côte d'Ivoire",
          "countryImage": "cote_divoire"
        },
        {
          "name": "Burkina Faso",
          "countryImage": "burkina_faso"
        },
        {
          "name": "Niger",
          "countryImage": "niger"
        },
        {
          "name": "Togo",
          "countryImage": "togo"
        },
        {
          "name": "Benin",
          "countryImage": "benin"
        },
        {
          "name": "Mauritius",
          "countryImage": "mauritius"
        },
        {
          "name": "Liberia",
          "countryImage": "liberia"
        },
        {
          "name": "Sierra Leone",
          "countryImage": "sierra_leone"
        },
        {
          "name": "Ghana",
          "countryImage": "ghana"
        },
        {
          "name": "Nigeria",
          "countryImage": "nigeria"
        },
        {
          "name": "Chad",
          "countryImage": "chad"
        },
        {
          "name": "Central African Republic",
          "countryImage": "central_africa"
        },
        {
          "name": "Cameroon",
          "countryImage": "cameroon"
        },
        {
          "name": "Cape Verde",
          "countryImage": "cape_verde"
        },
        {
          "name": "Sao Tome and Principe",
          "countryImage": "saotomeandprincipe"
        },
        {
          "name": "Equatorial Guinea",
          "countryImage": "equatorial_guinea"
        },
        {
          "name": "Gabon",
          "countryImage": "gabon"
        },
        {
          "name": "Congo",
          "countryImage": "congo"
        },
        {
          "name": "Democratic Republic of the Congo",
          "countryImage": "democratic_republic_of_congo"
        },
        {
          "name": "Angola",
          "countryImage": "angola"
        },
        {
          "name": "Guinea-Bissau",
          "countryImage": "guinea_bissau"
        },
        {
          "name": "Seychelles",
          "countryImage": "seychelles"
        },
        {
          "name": "Sudan",
          "countryImage": "sudan"
        },
        {
          "name": "Rwanda",
          "countryImage": "rwanda"
        },
        {
          "name": "Ethiopia",
          "countryImage": "ethiopia"
        },
        {
          "name": "Somalia",
          "countryImage": "somalia"
        },
        {
          "name": "Djibouti",
          "countryImage": "djibouti"
        },
        {
          "name": "Kenya",
          "countryImage": "kenya"
        },
        {
          "name": "The United Republic of Tanzania",
          "countryImage": "tanzania"
        },
        {
          "name": "Uganda",
          "countryImage": "uganda"
        },
        {
          "name": "Burundi",
          "countryImage": "burundi"
        },
        {
          "name": "Mozambique",
          "countryImage": "mozambique"
        },
        {
          "name": "Zambia",
          "countryImage": "zambia"
        },
        {
          "name": "Madagascar",
          "countryImage": "madagascar"
        },
        {
          "name": "Republic of Zimbabwe",
          "countryImage": "zimbabwe"
        },
        {
          "name": "Namibia",
          "countryImage": "namibia"
        },
        {
          "name": "Malawi",
          "countryImage": "malawi"
        },
        {
          "name": "Lesotho",
          "countryImage": "lesotho"
        },
        {
          "name": "Botswana",
          "countryImage": "botswana"
        },
        {
          "name": "Swaziland",
          "countryImage": "swaziland"
        },
        {
          "name": "Comoros",
          "countryImage": "comoros"
        },
        {
          "name": "South Africa",
          "countryImage": "south_africa"
        },
        {
          "name": "Eritrea",
          "countryImage": "eritrea"
        }
      ]
    },
    {
      "continent": "oceania",
      "country": [
        {
          "name": "Australia",
          "countryImage": "australia"
        },
        {
          "name": "New Zealand",
          "countryImage": "new_zealand"
        },
        {
          "name": "Nauru",
          "countryImage": "nauru"
        },
        {
          "name": "Papua New Guinea",
          "countryImage": "papua_new_guinea"
        },
        {
          "name": "Tonga",
          "countryImage": "tonga"
        },
        {
          "name": "Solomon Islands",
          "countryImage": "solomon_islands"
        },
        {
          "name": "Vanuatu",
          "countryImage": "vanuatu"
        },
        {
          "name": "Fiji",
          "countryImage": "fiji"
        },
        {
          "name": "Wallis and Futuna",
          "countryImage": "wallis_and_futuna"
        },
        {
          "name": "American Samoa",
          "countryImage": "american_samoa"
        },
        {
          "name": "Kiribati",
          "countryImage": "kiribati"
        },
        {
          "name": "New Caledonia",
          "countryImage": "new_caledonia"
        },
        {
          "name": "French Polynesia",
          "countryImage": "french_polynesia"
        },
        {
          "name": "Cook Islands",
          "countryImage": "cook_islands"
        },
        {
          "name": "Samoa",
          "countryImage": "samoa"
        },
        {
          "name": "Micronesia, Federated States of",
          "countryImage": "federated_states_of_micronesia"
        },
        {
          "name": "Marshall Islands",
          "countryImage": "marshall_islands"
        },
        {
          "name": "Palau",
          "countryImage": "palau"
        },
        {
          "name": "Niue",
          "countryImage": "niue"
        }
      ]
    },
    {
      "continent": "europe",
      "country": [
        {
          "name": "Russia",
          "countryImage": "russia"
        },
        {
          "name": "Norway",
          "countryImage": "norway"
        },
        {
          "name": "Luxembourg",
          "countryImage": "luxembourg"
        },
        {
          "name": "Vatican",
          "countryImage": "vatican"
        },
        {
          "name": "Albania",
          "countryImage": "albania"
        },
        {
          "name": "Germany",
          "countryImage": "germany"
        },
        {
          "name": "Italy",
          "countryImage": "italy"
        },
        {
          "name": "France",
          "countryImage": "france"
        },
        {
          "name": "Spain",
          "countryImage": "spain"
        },
        {
          "name": "Portugal",
          "countryImage": "portugal"
        },
        {
          "name": "Ireland",
          "countryImage": "ireland"
        },
        {
          "name": "United Kingdom",
          "countryImage": "united_kingdom"
        },
        {
          "name": "Netherlands",
          "countryImage": "netherlands"
        },
        {
          "name": "Belgium",
          "countryImage": "belgium"
        },
        {
          "name": "Andorra",
          "countryImage": "andorra"
        },
        {
          "name": "Croatia",
          "countryImage": "croatia"
        },
        {
          "name": "Serbia",
          "countryImage": "serbia"
        },
        {
          "name": "Romania",
          "countryImage": "romania"
        },
        {
          "name": "Switzerland",
          "countryImage": "switzerland"
        },
        {
          "name": "Czech Republic",
          "countryImage": "czech_republic"
        },
        {
          "name": "Slovakia",
          "countryImage": "slovakia"
        },
        {
          "name": "Austria",
          "countryImage": "austria"
        },
        {
          "name": "Denmark",
          "countryImage": "denmark"
        },
        {
          "name": "Sweden",
          "countryImage": "sweden"
        },
        {
          "name": "Greece",
          "countryImage": "greece"
        },
        {
          "name": "Monaco",
          "countryImage": "monaco"
        },
        {
          "name": "Hungary",
          "countryImage": "hungary"
        },
        {
          "name": "Finland",
          "countryImage": "finland"
        },
        {
          "name": "Lithuania",
          "countryImage": "lithuania"
        },
        {
          "name": "Latvia",
          "countryImage": "latvia"
        },
        {
          "name": "Estonia",
          "countryImage": "estonia"
        },
        {
          "name": "Ukraine",
          "countryImage": "ukraine"
        },
        {
          "name": "White Russia",
          "countryImage": "white_russia"
        },
        {
          "name": "Republic of Moldova",
          "countryImage": "republica_moldova"
        },
        {
          "name": "poland",
          "countryImage": "poland"
        },
        {
          "name": "Gibraltar",
          "countryImage": "gibraltar"
        },
        {
          "name": "Iceland",
          "countryImage": "iceland"
        },
        {
          "name": "Malta",
          "countryImage": "malta"
        },
        {
          "name": "Bulgaria",
          "countryImage": "bulgaria"
        },
        {
          "name": "Faroe Islands",
          "countryImage": "faroe_islands"
        },
        {
          "name": "San Marino",
          "countryImage": "san_marino"
        },
        {
          "name": "Slovenia",
          "countryImage": "slovenia"
        },
        {
          "name": "The Republic of Macedonia",
          "countryImage": "macedonia"
        },
        {
          "name": "Liechtenstein",
          "countryImage": "liechtenstein"
        },
        {
          "name": "Montenegro",
          "countryImage": "montenegro"
        }
      ]
    },
    {
      "continent": "northamerica",
      "country": [
        {
          "name": "United States",
          "countryImage": "united_states"
        },
        {
          "name": "Saint Pierre and Miquelon",
          "countryImage": "saint_pierre_et_miquelon"
        },
        {
          "name": "Canada",
          "countryImage": "canada"
        },
        {
          "name": "Greenland",
          "countryImage": "greenland"
        },
        {
          "name": "Puerto Rico",
          "countryImage": "puerto_rico"
        },
        {
          "name": "United States Virgin Islands",
          "countryImage": "united_states_virgin_islands"
        },
        {
          "name": "Mexico",
          "countryImage": "mexico"
        },
        {
          "name": "Jamaica",
          "countryImage": "jamaica"
        },
        {
          "name": "Martinique",
          "countryImage": "martinique"
        },
        {
          "name": "Barbados",
          "countryImage": "barbados"
        },
        {
          "name": "Antigua and Barbuda",
          "countryImage": "antigua_and_barbuda"
        },
        {
          "name": "Cayman Islands",
          "countryImage": "cayman_islands"
        },
        {
          "name": "Virgin Islands, U.S.",
          "countryImage": "british_virgin_islands"
        },
        {
          "name": "Bermuda",
          "countryImage": "bermuda"
        },
        {
          "name": "Grenada",
          "countryImage": "grenada"
        },
        {
          "name": "Montserrat",
          "countryImage": "montserrat"
        },
        {
          "name": "Saint Lucia",
          "countryImage": "saint_lucia"
        },
        {
          "name": "Saint Vincent and the Grenadines",
          "countryImage": "saint_vincent_and_the_grenadines"
        },
        {
          "name": "Curaçao",
          "countryImage": "curacao"
        },
        {
          "name": "Aruba",
          "countryImage": "aruba"
        },
        {
          "name": "Bahamas",
          "countryImage": "bahamas"
        },
        {
          "name": "Anguilla",
          "countryImage": "anguilla"
        },
        {
          "name": "Dominica",
          "countryImage": "dominica"
        },
        {
          "name": "Cuba",
          "countryImage": "cuba"
        },
        {
          "name": "Dominican Republic",
          "countryImage": "dominican_republic"
        },
        {
          "name": "Haiti",
          "countryImage": "haiti"
        },
        {
          "name": "Trinidad and Tobago",
          "countryImage": "trinidad_and_tobago"
        },
        {
          "name": "Belize",
          "countryImage": "belize"
        },
        {
          "name": "Guatemala",
          "countryImage": "guatemala"
        },
        {
          "name": "El Salvador",
          "countryImage": "salvador"
        },
        {
          "name": "Honduras",
          "countryImage": "honduras"
        },
        {
          "name": "Nicaragua",
          "countryImage": "nicaragua"
        },
        {
          "name": "Costa Rica",
          "countryImage": "costa_rica"
        }

      ]
    },
    {
      "continent": "southamerica",
      "country": [
        {
          "name": "Peru",
          "countryImage": "peru"
        },
        {
          "name": "Argentina",
          "countryImage": "argentina"
        },
        {
          "name": "Brazil",
          "countryImage": "brazil"
        },
        {
          "name": "Chile",
          "countryImage": "chile"
        },
        {
          "name": "Colombia",
          "countryImage": "colombia"
        },
        {
          "name": "Bolivarian Republic of Venezuela",
          "countryImage": "venezuela"
        },
        {
          "name": "Bolivia, Plurinational",
          "countryImage": "bolivia"
        },
        {
          "name": "Guyana",
          "countryImage": "guyana"
        },
        {
          "name": "Ecuador",
          "countryImage": "ecuador"
        },
        {
          "name": "French Guiana",
          "countryImage": "french_guiana"
        },
        {
          "name": "Paraguay",
          "countryImage": "paraguay"
        },
        {
          "name": "Suriname",
          "countryImage": "suriname"
        },
        {
          "name": "Uruguay",
          "countryImage": "uruguay"
        }
      ]
    }
  ]
}